{"principal3":{"principal":5637.16,"optimal_freq_claim":10.469011428571427},"principal2":{"principal":964.45,"optimal_freq_claim":4.323396551724138},"principal4":{"principal":498.97,"optimal_freq_claim":3.1601433333333335},"principal1":{"principal":11137.0,"optimal_freq_claim":14.71036898395722}}