{"principal1":{"principal":11153.47,"optimal_freq_claim":17.54717891719745,"optimal_daystoclaim":2.3248407643312103},"principal3":{"principal":965.0,"optimal_freq_claim":5.1204081632653065,"optimal_daystoclaim":7.448979591836735},"principal5":{"principal":0.0,"optimal_freq_claim":0.0,"optimal_daystoclaim":365.0},"principal2":{"principal":5647.66,"optimal_freq_claim":12.482971096196868,"optimal_daystoclaim":3.266219239373602},"principal4":{"principal":498.97,"optimal_freq_claim":3.7347148484848485,"optimal_daystoclaim":11.06060606060606}}