{"principal1":{"principal":11153.74,"optimal_freq_claim":229.58114833333332},"principal3":{"principal":498.87,"optimal_freq_claim":4.400746071428572},"principal5":{"principal":984.0,"optimal_freq_claim":6.0762},"principal4":{"principal":5647.66,"optimal_freq_claim":14.530958541666664},"principal2":{"principal":11153.74,"optimal_freq_claim":20.407213185185185}}