{"4":{"principal":498.87,"optimal_freq_claim":2.925124985163205,"optimal_daystoclaim":8.664688427299703},"5":{"principal":19413.0,"optimal_freq_claim":19.37573896353167,"optimal_daystoclaim":1.401151631477927},"3":{"principal":652.4564059416928,"optimal_freq_claim":3.0085772727272726,"optimal_daystoclaim":8.295454545454545},"2":{"principal":7379.3681461716815,"optimal_freq_claim":9.97047942,"optimal_daystoclaim":2.433333333333333},"1":{"principal":14584.657165326757,"optimal_freq_claim":14.073656442857144,"optimal_daystoclaim":1.738095238095238}}