{"principal4":{"principal":498.87,"optimal_freq_claim":3.5205968571428574,"optimal_daystoclaim":10.428571428571429},"principal1":{"principal":11171.48,"optimal_freq_claim":16.562758463385354,"optimal_daystoclaim":2.190876350540216},"principal3":{"principal":948.0,"optimal_freq_claim":4.758301158301158,"optimal_daystoclaim":7.046332046332046},"principal2":{"principal":5647.66,"optimal_freq_claim":11.781858277027029,"optimal_daystoclaim":3.08277027027027}}