{"1":{"o_principal":11249.2,"optimal_freq_claim":14.09299776,"optimal_daystoclaim":1.825},"3":{"o_principal":1036.8,"optimal_freq_claim":4.295314285714286,"optimal_daystoclaim":5.7936507936507935},"2":{"o_principal":5708.6,"optimal_freq_claim":9.499110400000001,"optimal_daystoclaim":2.433333333333333},"4":{"o_principal":504.49,"optimal_freq_claim":3.0096432,"optimal_daystoclaim":8.69047619047619}}