{"3":{"principal":973.21,"optimal_freq_claim":4.828904580152672,"optimal_daystoclaim":6.965648854961832},"2":{"principal":5647.66,"optimal_freq_claim":11.781858277027029,"optimal_daystoclaim":3.08277027027027},"4":{"principal":498.87,"optimal_freq_claim":2.925124985163205,"optimal_daystoclaim":8.664688427299703},"1":{"principal":11187.33,"optimal_freq_claim":20.468670444444445,"optimal_daystoclaim":2.7037037037037037}}